[
  {
    "id": "bc1d0336-c062-412c-9124-9e2873c46253",
    "data": [
      {
        "text": "I want to change the price of an item.",
        "userDefined": false
      }
    ],
    "isTemplate": false,
    "count": 0,
    "lang": "en",
    "updated": 0
  },
  {
    "id": "a7d5fff3-5f98-4a24-bece-9a3a41858dd3",
    "data": [
      {
        "text": "Change the price of ",
        "userDefined": false
      },
      {
        "text": "toppings",
        "meta": "@Item",
        "alias": "item",
        "userDefined": true
      },
      {
        "text": " to ",
        "userDefined": false
      },
      {
        "text": "1 dollar",
        "meta": "@sys.unit-currency",
        "alias": "newPrice",
        "userDefined": true
      },
      {
        "text": ".",
        "userDefined": false
      }
    ],
    "isTemplate": false,
    "count": 0,
    "lang": "en",
    "updated": 0
  },
  {
    "id": "e574852f-cc8f-4f8b-b120-bbfad633d724",
    "data": [
      {
        "text": "update ",
        "userDefined": false
      },
      {
        "text": "scoop",
        "meta": "@Item",
        "alias": "item",
        "userDefined": true
      },
      {
        "text": " price to ",
        "userDefined": false
      },
      {
        "text": "2 dollars",
        "meta": "@sys.unit-currency",
        "alias": "newPrice",
        "userDefined": true
      }
    ],
    "isTemplate": false,
    "count": 0,
    "lang": "en",
    "updated": 0
  },
  {
    "id": "c4660bef-6ad6-45cc-8653-ae39101e27d4",
    "data": [
      {
        "text": "Change price of ",
        "userDefined": false
      },
      {
        "text": "waffle cone",
        "meta": "@Item",
        "alias": "item",
        "userDefined": true
      },
      {
        "text": " to ",
        "userDefined": false
      },
      {
        "text": "3 dollars",
        "meta": "@sys.unit-currency",
        "alias": "newPrice",
        "userDefined": true
      }
    ],
    "isTemplate": false,
    "count": 0,
    "lang": "en",
    "updated": 0
  },
  {
    "id": "14e55e7f-99d5-447f-a461-8d150cbe25bb",
    "data": [
      {
        "text": "change price",
        "userDefined": false
      }
    ],
    "isTemplate": false,
    "count": 0,
    "lang": "en",
    "updated": 0
  }
]