[
  {
    "id": "ba34961a-4471-43f7-ae7e-e2c2b7649b9b",
    "data": [
      {
        "text": "I would like to order ",
        "userDefined": false
      },
      {
        "text": "two",
        "meta": "@sys.number-integer",
        "alias": "numScoops",
        "userDefined": true
      },
      {
        "text": " scoops of ",
        "userDefined": false
      },
      {
        "text": "strawberry",
        "meta": "@Flavor",
        "alias": "flavor",
        "userDefined": true
      },
      {
        "text": " ice cream in a ",
        "userDefined": false
      },
      {
        "text": "cup",
        "meta": "@Container",
        "alias": "container",
        "userDefined": true
      },
      {
        "text": " with toppings of ",
        "userDefined": false
      },
      {
        "text": "sprinkles, hot fudge, and gummy bears",
        "meta": "@Toppings",
        "alias": "toppings",
        "userDefined": true
      },
      {
        "text": ".",
        "userDefined": false
      }
    ],
    "isTemplate": false,
    "count": 0,
    "lang": "en",
    "updated": 0
  },
  {
    "id": "c2f5848e-d3b1-4a2d-a1e7-8389fcbcc366",
    "data": [
      {
        "text": "I want ",
        "userDefined": false
      },
      {
        "text": "two",
        "meta": "@sys.number-integer",
        "alias": "numScoops",
        "userDefined": true
      },
      {
        "text": " scoops of ",
        "userDefined": false
      },
      {
        "text": "mint",
        "meta": "@Flavor",
        "alias": "flavor",
        "userDefined": true
      },
      {
        "text": " ice cream.",
        "userDefined": false
      }
    ],
    "isTemplate": false,
    "count": 0,
    "lang": "en",
    "updated": 0
  },
  {
    "id": "7138d24b-fde6-4719-8700-aaffeac4880c",
    "data": [
      {
        "text": "Strawberry",
        "meta": "@Flavor",
        "alias": "flavor",
        "userDefined": true
      },
      {
        "text": " please.",
        "userDefined": false
      }
    ],
    "isTemplate": false,
    "count": 0,
    "lang": "en",
    "updated": 0
  },
  {
    "id": "9825dc87-2513-48db-99e8-9f5c66c017d4",
    "data": [
      {
        "text": "I want a ",
        "userDefined": false
      },
      {
        "text": "double",
        "meta": "@sys.number-integer",
        "alias": "numScoops",
        "userDefined": true
      },
      {
        "text": " scoop of ",
        "userDefined": false
      },
      {
        "text": "mint",
        "meta": "@Flavor",
        "alias": "flavor",
        "userDefined": true
      },
      {
        "text": " ice cream in a ",
        "userDefined": false
      },
      {
        "text": "waffle cone",
        "meta": "@Container",
        "alias": "container",
        "userDefined": true
      },
      {
        "text": " with ",
        "userDefined": false
      },
      {
        "text": "gummy bears and sprinkles",
        "meta": "@Toppings",
        "alias": "toppings",
        "userDefined": true
      },
      {
        "text": ".",
        "userDefined": false
      }
    ],
    "isTemplate": false,
    "count": 0,
    "lang": "en",
    "updated": 0
  }
]