[
  {
    "id": "776725d9-0e81-405e-b95a-a1bccc3b069d",
    "data": [
      {
        "text": "thanks",
        "userDefined": false
      }
    ],
    "isTemplate": false,
    "count": 0,
    "lang": "en",
    "updated": 0
  },
  {
    "id": "11b72240-24bd-476f-9f73-0d26e6d09e6b",
    "data": [
      {
        "text": "Thank you!",
        "userDefined": false
      }
    ],
    "isTemplate": false,
    "count": 0,
    "lang": "en",
    "updated": 0
  },
  {
    "id": "3f5d4864-bf36-4a95-ab5c-dfb1f5b8bd6d",
    "data": [
      {
        "text": "I really appreciate it.",
        "userDefined": false
      }
    ],
    "isTemplate": false,
    "count": 0,
    "lang": "en",
    "updated": 0
  }
]